full_name,mirror_url,archived,disabled,if_fork,size,files,stars,watches,forks,recent_commits,recent_added,recent_deleted,recent_contributors,latest_commits,owner_type,description,formats,homepage,license,language,commits,branches,releases,contributors,topics,age,has_issues,open_issues,closed_issues,open_issues_recent,closed_issues_recent,open_prs,closed_prs,open_prs_recent,closed_prs_recent,labels,milestones,dependent_repositories,dependent_packages,repositories,people,followers,readme,info
lpereira/lwan,,,,,,,,,,173,4284,1989,5,,,,,,,,,,,,,,,,,,,,,,,,,0,0,,,,,
bartobri/no-more-secrets,,,,,,,,,,1,4,4,1,,,,,,,,,,,,,,,,,,,,,,,,,0,0,,,,,
FluidSynth/fluidsynth,,,,,,,,,,79,2385,1777,6,,,,,,,,,,,,,,,,,,,,,,,,,0,0,,,,,
zephyrproject-rtos/zephyr,,,,,,,,,,3951,276697,299662,61,,,,,,,,,,,,,,,,,,,,,,,,,0,0,,,,,
xeraa/microservice-monitoring,,,,,,,,,,0,0,0,0,,,,,,,,,,,,,,,,,,,,,,,,,0,0,,,,,
the-tcpdump-group/tcpdump,,,,,,,,,,200,4037,2448,8,,,,,,,,,,,,,,,,,,,,,,,,,0,0,,,,,
OP-TEE/optee_os,,,,,,,,,,396,49501,27677,32,,,,,,,,,,,,,,,,,,,,,,,,,0,0,,,,,
rdoeffinger/DictionaryPC,,,,,,,,,,40,1296,1003,1,,,,,,,,,,,,,,,,,,,,,,,,,0,0,,,,,
l0s/fernet-java8,,,,,,,,,,9,651,16,1,,,,,,,,,,,,,,,,,,,,,,,,,0,0,,,,,
JobService/job-service,,,,,,,,,,42,2900,1170,7,,,,,,,,,,,,,,,,,,,,,,,,,1,0,,,,,
udesk/UdeskSDK-Android,,,,,,,,,,0,0,0,0,,,,,,,,,,,,,,,,,,,,,,,,,0,0,,,,,
OpenRefine/simile-butterfly,,,,,,,,,,2,159,74,1,,,,,,,,,,,,,,,,,,,,,,,,,2,0,,,,,
ibmruntimes/openj9-openjdk-jdk8,,,,,,,,,,62,3118,1260,11,,,,,,,,,,,,,,,,,,,,,,,,,0,0,,,,,
yangziwen/logreplay,,,,,,,,,,1,1,1,1,,,,,,,,,,,,,,,,,,,,,,,,,0,0,,,,,
netsniff-ng/netsniff-ng,,,,,,,,,,14,33,24,4,,,,,,,,,,,,,,,,,,,,,,,,,0,0,,,,,
arunan123/algorithm-implementation-in-java-javascript-scala,,,,,,,,,,3,126,17,1,,,,,,,,,,,,,,,,,,,,,,,,,0,0,,,,,
JvanKatwijk/swradio-8,,,,,,,,,,3,56,15467,1,,,,,,,,,,,,,,,,,,,,,,,,,0,0,,,,,
politrons/reactive,,,,,,,,,,0,0,0,0,,,,,,,,,,,,,,,,,,,,,,,,,0,0,,,,,
elexis/elexis-server,,,,,,,,,,50,2157,2350,1,,,,,,,,,,,,,,,,,,,,,,,,,0,0,,,,,
Moesif/moesif-servlet,,,,,,,,,,0,0,0,0,,,,,,,,,,,,,,,,,,,,,,,,,0,0,,,,,
Faceunity/FUSealTalkDemoDroid,,,,,,,,,,0,0,0,0,,,,,,,,,,,,,,,,,,,,,,,,,0,0,,,,,
pumpkin-movie/pumpkin_partner_api_demo,,,,,,,,,,5,157,132,2,,,,,,,,,,,,,,,,,,,,,,,,,0,0,,,,,
wikimedia/search-extra,,,,,,,,,,4,454,90,1,,,,,,,,,,,,,,,,,,,,,,,,,1,0,,,,,
apache/fop-pdf-images,,,,,,,,,,16,592,251,1,,,,,,,,,,,,,,,,,,,,,,,,,0,0,,,,,
taktik/icure-backend,,,,,,,,,,40,651,357,8,,,,,,,,,,,,,,,,,,,,,,,,,0,0,,,,,
treehouses/remote,,,,,,,,,,199,18474,14543,10,,,,,,,,,,,,,,,,,,,,,,,,,0,0,,,,,
estatio/estatio,,,,,,,,,,218,35325,21752,3,,,,,,,,,,,,,,,,,,,,,,,,,0,0,,,,,
disq-bio/disq,,,,,,,,,,10,103,23,4,,,,,,,,,,,,,,,,,,,,,,,,,4,0,,,,,
apache/helix,,,,,,,,,,247,106949,45507,11,,,,,,,,,,,,,,,,,,,,,,,,,0,0,,,,,
craftercms/profile,,,,,,,,,,12,851,1028,2,,,,,,,,,,,,,,,,,,,,,,,,,1,0,,,,,
google/conscrypt,,,,,,,,,,26,884,402,5,,,,,,,,,,,,,,,,,,,,,,,,,0,0,,,,,
InnovateUKGitHub/innovation-funding-service,,,,,,,,,,1573,102993,95902,10,,,,,,,,,,,,,,,,,,,,,,,,,0,0,,,,,
PegaSysEng/orion,,,,,,,,,,34,2785,1252,9,,,,,,,,,,,,,,,,,,,,,,,,,0,0,,,,,
spacedog-io/spacedog-server,,,,,,,,,,4,32,22,1,,,,,,,,,,,,,,,,,,,,,,,,,0,0,,,,,
qmetry/qaf-support-ws,,,,,,,,,,5,32,215,1,,,,,,,,,,,,,,,,,,,,,,,,,0,0,,,,,
overture-stack/ego,,,,,,,,,,74,6139,4154,5,,,,,,,,,,,,,,,,,,,,,,,,,0,0,,,,,
Terracotta-OSS/terracotta-core,,,,,,,,,,60,5893,9197,8,,,,,,,,,,,,,,,,,,,,,,,,,0,0,,,,,
folio-org/mod-inventory,,,,,,,,,,137,22649,3596,10,,,,,,,,,,,,,,,,,,,,,,,,,0,0,,,,,
Tiny-Hands/subairoma,,,,,,,,,,25,1657,1295,1,,,,,,,,,,,,,,,,,,,,,,,,,0,0,,,,,
lsu-ub-uu/alvin-cora,,,,,,,,,,5,9,9,2,,,,,,,,,,,,,,,,,,,,,,,,,0,0,,,,,
opendaylight/controller,,,,,,,,,,108,7486,43276,6,,,,,,,,,,,,,,,,,,,,,,,,,0,0,,,,,
hibernate/hibernate-tools,,,,,,,,,,253,12377,9855,3,,,,,,,,,,,,,,,,,,,,,,,,,0,0,,,,,
Commonjava/atlas,,,,,,,,,,1,74,9,1,,,,,,,,,,,,,,,,,,,,,,,,,4,0,,,,,
urbanairship/java-library,,,,,,,,,,5,357,13,2,,,,,,,,,,,,,,,,,,,,,,,,,9,0,,,,,
MesquiteProject/Mesquite-Zephyr,,,,,,,,,,0,0,0,0,,,,,,,,,,,,,,,,,,,,,,,,,0,0,,,,,
eclipse/webtools.webservices,,,,,,,,,,8,220,46,2,,,,,,,,,,,,,,,,,,,,,,,,,0,0,,,,,
Swagger2Markup/swagger2markup-maven-plugin,,,,,,,,,,3,5,5,3,,,,,,,,,,,,,,,,,,,,,,,,,660,0,,,,,
League-level1/Level1-Module3,,,,,,,,,,0,0,0,0,,,,,,,,,,,,,,,,,,,,,,,,,0,0,,,,,
telenordigital/nbiot-java,,,,,,,,,,0,0,0,0,,,,,,,,,,,,,,,,,,,,,,,,,1,0,,,,,
CSCfi/oiva-backend,,,,,,,,,,116,7983,2047,3,,,,,,,,,,,,,,,,,,,,,,,,,0,0,,,,,
mxenabled/atrium-java,,,,,,,,,,4,1611,95,1,,,,,,,,,,,,,,,,,,,,,,,,,0,0,,,,,
LineageOS/android_packages_apps_DocumentsUI,,,,,,,,,,2,541,3,1,,,,,,,,,,,,,,,,,,,,,,,,,0,0,,,,,
Icy-imaging/Icy-App,,,,,,,,,,0,0,0,0,,,,,,,,,,,,,,,,,,,,,,,,,0,0,,,,,
eugenp/blogwatch,,,,,,,,,,208,9865,4493,7,,,,,,,,,,,,,,,,,,,,,,,,,0,0,,,,,
webex/spark-ios-sdk-example-push-notification-server,,,,,,,,,,0,0,0,0,,,,,,,,,,,,,,,,,,,,,,,,,0,0,,,,,
LatvianModder/FTBUtilities,,,,,,,,,,4,95,11,1,,,,,,,,,,,,,,,,,,,,,,,,,0,0,,,,,
aligm/idea-settings,,,,,,,,,,1,4509,0,1,,,,,,,,,,,,,,,,,,,,,,,,,0,0,,,,,
USGS-CIDA/aqcu-ext-report,,,,,,,,,,9,190,68,2,,,,,,,,,,,,,,,,,,,,,,,,,0,0,,,,,
KeshawnVan/origin,,,,,,,,,,0,0,0,0,,,,,,,,,,,,,,,,,,,,,,,,,0,0,,,,,
spring-cloud-stream-app-starters/syslog,,,,,,,,,,3,14,13,2,,,,,,,,,,,,,,,,,,,,,,,,,1,0,,,,,
vindell/spring-boot-starter-shiro-cas,,,,,,,,,,9,159,40,1,,,,,,,,,,,,,,,,,,,,,,,,,0,0,,,,,
palantir/conjure-java,,,,,,,,,,277,33891,15440,12,,,,,,,,,,,,,,,,,,,,,,,,,0,0,,,,,
bwaldvogel/mongo-java-server,,,,,,,,,,262,14686,10544,6,,,,,,,,,,,,,,,,,,,,,,,,,0,0,,,,,
Samourai-Wallet/ExtLibJ,,,,,,,,,,7,142,55,1,,,,,,,,,,,,,,,,,,,,,,,,,0,0,,,,,
SaltyEggTech/Code-Practice,,,,,,,,,,3,510,45,1,,,,,,,,,,,,,,,,,,,,,,,,,0,0,,,,,
NetcoreSolutions/Smartech-Android-FCM-SDK,,,,,,,,,,0,0,0,0,,,,,,,,,,,,,,,,,,,,,,,,,0,0,,,,,
MegaMek/mekhq,,,,,,,,,,1237,1551970,1275346,13,,,,,,,,,,,,,,,,,,,,,,,,,0,0,,,,,
spring-cloud-task-app-starters/timestamp-batch,,,,,,,,,,3,31,13,2,,,,,,,,,,,,,,,,,,,,,,,,,3,0,,,,,
MiracleDROID/android_frameworks_base,,,,,,,,,,0,0,0,0,,,,,,,,,,,,,,,,,,,,,,,,,0,0,,,,,
KAMI911/ansible-role-tomcat,,,,,,,,,,19,170,57,1,,,,,,,,,,,,,,,,,,,,,,,,,0,0,,,,,
gronnmann/CoinFlipper,,,,,,,,,,4,1450,1162,1,,,,,,,,,,,,,,,,,,,,,,,,,0,0,,,,,
dogtagpki/jss,,,,,,,,,,222,15792,3596,6,,,,,,,,,,,,,,,,,,,,,,,,,0,0,,,,,
logistimo/collaboration-service,,,,,,,,,,1,1,1,1,,,,,,,,,,,,,,,,,,,,,,,,,0,0,,,,,
camueller/SmartApplianceEnabler,,,,,,,,,,455,32336,26144,3,,,,,,,,,,,,,,,,,,,,,,,,,0,0,,,,,
OHDSI/ArachneCentralAPI,,,,,,,,,,25,40521,28881,3,,,,,,,,,,,,,,,,,,,,,,,,,0,0,,,,,
swaechter/angularj-universal,,,,,,,,,,0,0,0,0,,,,,,,,,,,,,,,,,,,,,,,,,0,0,,,,,
Bedework/bw-calendar-engine,,,,,,,,,,79,12289,8795,1,,,,,,,,,,,,,,,,,,,,,,,,,0,0,,,,,
activeviam/autopivot,,,,,,,,,,0,0,0,0,,,,,,,,,,,,,,,,,,,,,,,,,0,0,,,,,
gemini-hlsw/itac,,,,,,,,,,178,265282,426276,1,,,,,,,,,,,,,,,,,,,,,,,,,0,0,,,,,
unitsofmeasurement/uom-demos,,,,,,,,,,68,7573,22810,1,,,,,,,,,,,,,,,,,,,,,,,,,0,0,,,,,
KNMI/adaguc-services,,,,,,,,,,11,1326,1197,1,,,,,,,,,,,,,,,,,,,,,,,,,0,0,,,,,
marunjar/anewjkuapp,,,,,,,,,,76,3561,4004,1,,,,,,,,,,,,,,,,,,,,,,,,,0,0,,,,,
gokuai/yunku-sdk-java,,,,,,,,,,8,386,5640,1,,,,,,,,,,,,,,,,,,,,,,,,,0,0,,,,,
codetaylor/dropt,,,,,,,,,,25,1360,263,1,,,,,,,,,,,,,,,,,,,,,,,,,0,0,,,,,
AOSiP/platform_packages_apps_Settings,,,,,,,,,,50,8671,2392,7,,,,,,,,,,,,,,,,,,,,,,,,,0,0,,,,,
Red5/red5-plugins,,,,,,,,,,2,115,43,1,,,,,,,,,,,,,,,,,,,,,,,,,0,0,,,,,
aliyun/aliyun-cupid-sdk,,,,,,,,,,0,0,0,0,,,,,,,,,,,,,,,,,,,,,,,,,0,0,,,,,
endeavourhealth/Transforms,,,,,,,,,,295,26639,14519,6,,,,,,,,,,,,,,,,,,,,,,,,,0,0,,,,,
scrum-for-developers/worblehat,,,,,,,,,,49,5237,4823,2,,,,,,,,,,,,,,,,,,,,,,,,,0,0,,,,,
AIDOCGroup/Server,,,,,,,,,,5,0,535,1,,,,,,,,,,,,,,,,,,,,,,,,,0,0,,,,,
yasuflatland-lf/liferay-dummy-factory,,,,,,,,,,0,0,0,0,,,,,,,,,,,,,,,,,,,,,,,,,0,0,,,,,
stars-4x/starsapi,,,,,,,,,,8,452,155,1,,,,,,,,,,,,,,,,,,,,,,,,,0,0,,,,,
UniTime/unitime,,,,,,,,,,152,17727,3291,1,,,,,,,,,,,,,,,,,,,,,,,,,0,0,,,,,
matsim-org/GTFS2MATSim,,,,,,,,,,5,67,56,1,,,,,,,,,,,,,,,,,,,,,,,,,0,0,,,,,
HashSplit4J/hashsplit-lib,,,,,,,,,,0,0,0,0,,,,,,,,,,,,,,,,,,,,,,,,,0,0,,,,,
jenkinsci/maven-plugin,,,,,,,,,,16,489,946,4,,,,,,,,,,,,,,,,,,,,,,,,,0,0,,,,,
jenkinsci/gradle-plugin,,,,,,,,,,7,47,51,2,,,,,,,,,,,,,,,,,,,,,,,,,0,0,,,,,
traccar/traccar-manager-android,,,,,,,,,,4,18,15,1,,,,,,,,,,,,,,,,,,,,,,,,,0,0,,,,,
cjpcloud/bamboo1,,,,,,,,,,0,0,0,0,,,,,,,,,,,,,,,,,,,,,,,,,0,0,,,,,
contentful/contentful.java,,,,,,,,,,10,43,36,2,,,,,,,,,,,,,,,,,,,,,,,,,18,0,,,,,
CJSCommonPlatform/jsonschema-pojo-generator,,,,,,,,,,9,63,42,1,,,,,,,,,,,,,,,,,,,,,,,,,0,0,,,,,
viatra/org.eclipse.viatra,,,,,,,,,,27,1718,2761,3,,,,,,,,,,,,,,,,,,,,,,,,,0,0,,,,,
Samuel-Oliveira/Java_NFe,,,,,,,,,,10,2319,82,1,,,,,,,,,,,,,,,,,,,,,,,,,13,0,,,,,
jboss-fuse/fabric8,,,,,,,,,,36,418,40,5,,,,,,,,,,,,,,,,,,,,,,,,,0,0,,,,,
NerdNu/NerdFlags,,,,,,,,,,2,45,44,1,,,,,,,,,,,,,,,,,,,,,,,,,0,0,,,,,
exoplatform/docs-style,,,,,,,,,,1,1,1,1,,,,,,,,,,,,,,,,,,,,,,,,,0,0,,,,,
Activiti/activiti-cloud-modeling,,,,,,,,,,102,157,169,5,,,,,,,,,,,,,,,,,,,,,,,,,0,0,,,,,
okta/okta-spring-boot,,,,,,,,,,10,226,99,3,,,,,,,,,,,,,,,,,,,,,,,,,0,0,,,,,
aramsoft/aramcomp,,,,,,,,,,132,245878,229778,1,,,,,,,,,,,,,,,,,,,,,,,,,0,0,,,,,
syberia-project/platform_packages_apps_Launcher3,,,,,,,,,,26,4951,1217,5,,,,,,,,,,,,,,,,,,,,,,,,,0,0,,,,,
vert-x3/vertx-kafka-client,,,,,,,,,,18,1176,601,8,,,,,,,,,,,,,,,,,,,,,,,,,345,0,,,,,
feedzai/pdb,,,,,,,,,,4,59,64,3,,,,,,,,,,,,,,,,,,,,,,,,,2,0,,,,,
shalousun/ApplicationPower,,,,,,,,,,0,0,0,0,,,,,,,,,,,,,,,,,,,,,,,,,0,0,,,,,
ndxt/centit-fileserver,,,,,,,,,,4,41,45,1,,,,,,,,,,,,,,,,,,,,,,,,,0,0,,,,,
hmcts/probate-business-service,,,,,,,,,,23,367,584,5,,,,,,,,,,,,,,,,,,,,,,,,,0,0,,,,,
kanonizo/kanonizo,,,,,,,,,,8,2857,2304,1,,,,,,,,,,,,,,,,,,,,,,,,,0,0,,,,,
dbmdz/iiif-apis,,,,,,,,,,6,3684,1243,2,,,,,,,,,,,,,,,,,,,,,,,,,11,0,,,,,
mpalourdio/SpringBootTemplate,,,,,,,,,,31,993,732,1,,,,,,,,,,,,,,,,,,,,,,,,,0,0,,,,,
utPLSQL/utPLSQL-java-api,,,,,,,,,,1,5,0,1,,,,,,,,,,,,,,,,,,,,,,,,,0,0,,,,,
alphagov/verify-event-emitter,,,,,,,,,,7,22,106,6,,,,,,,,,,,,,,,,,,,,,,,,,0,0,,,,,
newforce-newttl/SMT_EPS,,,,,,,,,,0,0,0,0,,,,,,,,,,,,,,,,,,,,,,,,,0,0,,,,,
ably/ably-java,,,,,,,,,,109,2961,1058,5,,,,,,,,,,,,,,,,,,,,,,,,,0,0,,,,,
getgauge/gauge-mvn-archetypes,,,,,,,,,,16,38,34,1,,,,,,,,,,,,,,,,,,,,,,,,,10,0,,,,,
wildfly/maven-plugins,,,,,,,,,,6,62,25,2,,,,,,,,,,,,,,,,,,,,,,,,,18,0,,,,,
eclipse/rt.equinox.p2,,,,,,,,,,63,5170,4649,9,,,,,,,,,,,,,,,,,,,,,,,,,0,0,,,,,
OpenSILEX/phis-ws,,,,,,,,,,0,0,0,0,,,,,,,,,,,,,,,,,,,,,,,,,0,0,,,,,
uzies/ko-repo,,,,,,,,,,53,524062,604083,1,,,,,,,,,,,,,,,,,,,,,,,,,0,0,,,,,
broadinstitute/barclay,,,,,,,,,,8,1788,90,1,,,,,,,,,,,,,,,,,,,,,,,,,0,0,,,,,
B3Partners/playbase-service,,,,,,,,,,0,0,0,0,,,,,,,,,,,,,,,,,,,,,,,,,0,0,,,,,
spotify/logging-java,,,,,,,,,,1,18,0,1,,,,,,,,,,,,,,,,,,,,,,,,,12,0,,,,,
oswetto/LoboEvolution,,,,,,,,,,56,60119,33046,1,,,,,,,,,,,,,,,,,,,,,,,,,0,0,,,,,
paginagmbh/EPUB-Checker,,,,,,,,,,45,623,301,4,,,,,,,,,,,,,,,,,,,,,,,,,0,0,,,,,
paynow/Paynow-Java-SDK,,,,,,,,,,1,2,2,1,,,,,,,,,,,,,,,,,,,,,,,,,0,0,,,,,
stsiushkevich/learn-reactjs,,,,,,,,,,1,45,21,1,,,,,,,,,,,,,,,,,,,,,,,,,0,0,,,,,
vaadin/vaadin-iron-list-flow,,,,,,,,,,6,158,399,5,,,,,,,,,,,,,,,,,,,,,,,,,13,0,,,,,
TrashOut/Android,,,,,,,,,,11,4160,1023,1,,,,,,,,,,,,,,,,,,,,,,,,,0,0,,,,,
LineageOS/android_packages_apps_Profiles,,,,,,,,,,5,17,71,2,,,,,,,,,,,,,,,,,,,,,,,,,0,0,,,,,
thehyve/podium,,,,,,,,,,14,2243,2228,1,,,,,,,,,,,,,,,,,,,,,,,,,0,0,,,,,
MJRLegends/ExtraPlanets,,,,,,,,,,49,9162,2670,3,,,,,,,,,,,,,,,,,,,,,,,,,0,0,,,,,
danialgoodwin/dev,,,,,,,,,,126,1627,231,1,,,,,,,,,,,,,,,,,,,,,,,,,0,0,,,,,
jsunsoftware/http-request,,,,,,,,,,6,53,22,1,,,,,,,,,,,,,,,,,,,,,,,,,26,0,,,,,
asicudl/campusvirtual,,,,,,,,,,20,254,430,2,,,,,,,,,,,,,,,,,,,,,,,,,0,0,,,,,
SmartDataAnalytics/jena-sparql-api,,,,,,,,,,0,0,0,0,,,,,,,,,,,,,,,,,,,,,,,,,4,0,,,,,
Nordstrom/JUnit-Foundation,,,,,,,,,,42,2439,1506,1,,,,,,,,,,,,,,,,,,,,,,,,,5,0,,,,,
Bedework/bw-webdav,,,,,,,,,,11,171,282,1,,,,,,,,,,,,,,,,,,,,,,,,,5,0,,,,,
fitpay/fitpay-android-sdk,,,,,,,,,,13,96,51,3,,,,,,,,,,,,,,,,,,,,,,,,,0,0,,,,,
LakeEffectRobotics/LakeEffectScoutingServerApp,,,,,,,,,,1,0,34,1,,,,,,,,,,,,,,,,,,,,,,,,,0,0,,,,,
UCodeUStory/DataStructure,,,,,,,,,,40,14389,9318,1,,,,,,,,,,,,,,,,,,,,,,,,,0,0,,,,,
ZeXtras/OpenZAL,,,,,,,,,,48,885,385,8,,,,,,,,,,,,,,,,,,,,,,,,,0,0,,,,,
Sage-Bionetworks/BridgeJavaSDK,,,,,,,,,,39,5180,3511,2,,,,,,,,,,,,,,,,,,,,,,,,,0,0,,,,,
gaul/are-we-consistent-yet,,,,,,,,,,3,4,4,2,,,,,,,,,,,,,,,,,,,,,,,,,0,0,,,,,
aws-quickstart/connect-integration-voicebase,,,,,,,,,,1,1,1,1,,,,,,,,,,,,,,,,,,,,,,,,,0,0,,,,,
gbif/occurrence,,,,,,,,,,190,13478,57093,7,,,,,,,,,,,,,,,,,,,,,,,,,0,0,,,,,
fracz/tdd-invoice,,,,,,,,,,3,116,278,1,,,,,,,,,,,,,,,,,,,,,,,,,0,0,,,,,
AOSPA/android_frameworks_opt_net_wifi,,,,,,,,,,1,340,227,1,,,,,,,,,,,,,,,,,,,,,,,,,0,0,,,,,
CandyRoms/frameworks_opt_net_ims,,,,,,,,,,1,35,17,1,,,,,,,,,,,,,,,,,,,,,,,,,0,0,,,,,
Swrve/swrve-android-sdk,,,,,,,,,,4,4717,2242,2,,,,,,,,,,,,,,,,,,,,,,,,,0,0,,,,,
OpenPojo/openpojo,,,,,,,,,,2,4,1,2,,,,,,,,,,,,,,,,,,,,,,,,,571,0,,,,,
Galigator/openllet,,,,,,,,,,22,24988,29070,1,,,,,,,,,,,,,,,,,,,,,,,,,0,0,,,,,
wildfly/galleon-plugins,,,,,,,,,,38,1011,182,3,,,,,,,,,,,,,,,,,,,,,,,,,21,0,,,,,
Opetushallitus/viestintapalvelu,,,,,,,,,,191,26066,3315,7,,,,,,,,,,,,,,,,,,,,,,,,,0,0,,,,,
Talend/tesb-studio-se,,,,,,,,,,63,939,611,9,,,,,,,,,,,,,,,,,,,,,,,,,0,0,,,,,
Norconex/collector-http,,,,,,,,,,52,10877,8866,1,,,,,,,,,,,,,,,,,,,,,,,,,0,0,,,,,
Vazkii/Psi,,,,,,,,,,361,67458,46741,8,,,,,,,,,,,,,,,,,,,,,,,,,0,0,,,,,
telosys-tools-bricks/telosys-tools-repository,,,,,,,,,,5,114,793,1,,,,,,,,,,,,,,,,,,,,,,,,,0,0,,,,,
exonum/exonum-java-binding,,,,,,,,,,159,33855,25960,5,,,,,,,,,,,,,,,,,,,,,,,,,9,0,,,,,
camel-tooling/camel-lsp-client-eclipse,,,,,,,,,,0,0,0,0,,,,,,,,,,,,,,,,,,,,,,,,,0,0,,,,,
GerritCodeReview/plugins_high-availability,,,,,,,,,,83,956,254,3,,,,,,,,,,,,,,,,,,,,,,,,,0,0,,,,,
CarbonROM/android_frameworks_opt_telephony,,,,,,,,,,1,3,1,1,,,,,,,,,,,,,,,,,,,,,,,,,0,0,,,,,
zalando/jackson-datatype-money,,,,,,,,,,0,0,0,0,,,,,,,,,,,,,,,,,,,,,,,,,89,0,,,,,
AospExtended/platform_packages_apps_Messaging,,,,,,,,,,10,166,1362,7,,,,,,,,,,,,,,,,,,,,,,,,,0,0,,,,,
ecsec/open-ecard,,,,,,,,,,25,530,473,3,,,,,,,,,,,,,,,,,,,,,,,,,0,0,,,,,
exoplatform/cas-addon,,,,,,,,,,1,1,1,1,,,,,,,,,,,,,,,,,,,,,,,,,0,0,,,,,
pylerSM/YouTubeBackgroundPlayback,,,,,,,,,,41,403,7,1,,,,,,,,,,,,,,,,,,,,,,,,,0,0,,,,,
AICP/packages_apps_AicpExtras,,,,,,,,,,66,6920,2177,19,,,,,,,,,,,,,,,,,,,,,,,,,0,0,,,,,
alexandrebouchard/bayonet,,,,,,,,,,3,13,15,1,,,,,,,,,,,,,,,,,,,,,,,,,0,0,,,,,
bytedeco/procamtracker,,,,,,,,,,1,7,4,1,,,,,,,,,,,,,,,,,,,,,,,,,1,0,,,,,
Trundler/network-discovery,,,,,,,,,,0,0,0,0,,,,,,,,,,,,,,,,,,,,,,,,,0,0,,,,,
LineageOS/android_packages_services_Mms,,,,,,,,,,3,1279,63,1,,,,,,,,,,,,,,,,,,,,,,,,,0,0,,,,,
netarchivesuite/netarchivesuite,,,,,,,,,,24,787,869,2,,,,,,,,,,,,,,,,,,,,,,,,,0,0,,,,,
parkingwang/vehicle-keyboard-android,,,,,,,,,,0,0,0,0,,,,,,,,,,,,,,,,,,,,,,,,,0,0,,,,,
AOSiP/platform_packages_apps_OwlsNest,,,,,,,,,,76,25394,5010,17,,,,,,,,,,,,,,,,,,,,,,,,,0,0,,,,,
UNC-Libraries/Carolina-Digital-Repository,,,,,,,,,,282,61215,44306,4,,,,,,,,,,,,,,,,,,,,,,,,,0,0,,,,,
yukthitech/utils,,,,,,,,,,0,0,0,0,,,,,,,,,,,,,,,,,,,,,,,,,0,0,,,,,
rundeck-plugins/aws-s3-model-source,,,,,,,,,,2,5,1,1,,,,,,,,,,,,,,,,,,,,,,,,,0,0,,,,,
mnemonic-no/messaging,,,,,,,,,,7,460,104,2,,,,,,,,,,,,,,,,,,,,,,,,,1,0,,,,,
exoplatform/platform-qa-ui,,,,,,,,,,34,13404,39696,2,,,,,,,,,,,,,,,,,,,,,,,,,0,0,,,,,
webdsl/webdsl,,,,,,,,,,37,2384,728,3,,,,,,,,,,,,,,,,,,,,,,,,,0,0,,,,,
jboss-container-images/rhdm-7-openshift-image,,,,,,,,,,22,8809,9016,8,,,,,,,,,,,,,,,,,,,,,,,,,0,0,,,,,
Phoenix616/IDConverter,,,,,,,,,,1,1,1,1,,,,,,,,,,,,,,,,,,,,,,,,,0,0,,,,,
rac021/Jax-Y,,,,,,,,,,1,14,0,1,,,,,,,,,,,,,,,,,,,,,,,,,6,0,,,,,
daniel-sc/rocketchat-modern-client,,,,,,,,,,21,321,308,3,,,,,,,,,,,,,,,,,,,,,,,,,5,0,,,,,
jenkinsci/view-job-filters-plugin,,,,,,,,,,21,914,327,2,,,,,,,,,,,,,,,,,,,,,,,,,0,0,,,,,
jmartisk/mock-artifacts,,,,,,,,,,42,3520,273,1,,,,,,,,,,,,,,,,,,,,,,,,,0,0,,,,,
Bramelvix/Towny,,,,,,,,,,54,9834,8704,4,,,,,,,,,,,,,,,,,,,,,,,,,0,0,,,,,
JackTuoTuo/VerificationCodeView,,,,,,,,,,1,1,1,1,,,,,,,,,,,,,,,,,,,,,,,,,0,0,,,,,
LineageOS/android_packages_apps_Camera2,,,,,,,,,,5,3580,110,2,,,,,,,,,,,,,,,,,,,,,,,,,0,0,,,,,
phoenixctms/ctsms,,,,,,,,,,172,148354,154394,2,,,,,,,,,,,,,,,,,,,,,,,,,0,0,,,,,
hisenyuan/IDEAPractice,,,,,,,,,,0,0,0,0,,,,,,,,,,,,,,,,,,,,,,,,,0,0,,,,,
sonicle-webtop/sonicle-vfs2,,,,,,,,,,1,2,2,1,,,,,,,,,,,,,,,,,,,,,,,,,0,0,,,,,
atlasapi/atlas-model,,,,,,,,,,7,528,94,3,,,,,,,,,,,,,,,,,,,,,,,,,0,0,,,,,
developermypos/myPOS-SDK-Android,,,,,,,,,,0,0,0,0,,,,,,,,,,,,,,,,,,,,,,,,,0,0,,,,,
pavansolapure/opencodez-samples,,,,,,,,,,2,48,0,1,,,,,,,,,,,,,,,,,,,,,,,,,0,0,,,,,
picoded/JavaCommons-dstack,,,,,,,,,,42,2248,698,2,,,,,,,,,,,,,,,,,,,,,,,,,0,0,,,,,
fred4jupiter/fredbet,,,,,,,,,,103,6050,4480,1,,,,,,,,,,,,,,,,,,,,,,,,,0,0,,,,,
lydxlx1/LeetCode,,,,,,,,,,15,679,42,1,,,,,,,,,,,,,,,,,,,,,,,,,0,0,,,,,
xamoom/xamoom-android-sdk,,,,,,,,,,12,212,44,2,,,,,,,,,,,,,,,,,,,,,,,,,0,0,,,,,
oracle/fastr,,,,,,,,,,363,73006,46158,9,,,,,,,,,,,,,,,,,,,,,,,,,0,0,,,,,
CBIIT/nci-webtools-dceg-classification,,,,,,,,,,2,5,2,1,,,,,,,,,,,,,,,,,,,,,,,,,0,0,,,,,
OlsonDigital/cq-component-maven-plugin,,,,,,,,,,0,0,0,0,,,,,,,,,,,,,,,,,,,,,,,,,37,0,,,,,
vaadin/vaadin-grid-flow,,,,,,,,,,56,5513,2213,15,,,,,,,,,,,,,,,,,,,,,,,,,72,0,,,,,
386959653/backwordframework,,,,,,,,,,0,0,0,0,,,,,,,,,,,,,,,,,,,,,,,,,0,0,,,,,
TeamHorizon/frameworks_base,,,,,,,,,,0,0,0,0,,,,,,,,,,,,,,,,,,,,,,,,,0,0,,,,,
javamelody/spring-boot-admin-server-ui-javamelody,,,,,,,,,,1,0,3,1,,,,,,,,,,,,,,,,,,,,,,,,,3,0,,,,,
ArpNetworking/metrics-aggregator-daemon,,,,,,,,,,39,5659,2302,3,,,,,,,,,,,,,,,,,,,,,,,,,0,0,,,,,
zidoshare/Elise,,,,,,,,,,3,702,1758,1,,,,,,,,,,,,,,,,,,,,,,,,,0,0,,,,,
spring-cloud/spring-cloud-dataflow,,,,,,,,,,148,22892,10234,15,,,,,,,,,,,,,,,,,,,,,,,,,6,0,,,,,
maning0303/MNZXingCode,,,,,,,,,,9,1070,176,1,,,,,,,,,,,,,,,,,,,,,,,,,0,0,,,,,
heisedebaise/ranch,,,,,,,,,,29,15415,1158,1,,,,,,,,,,,,,,,,,,,,,,,,,0,0,,,,,
ngageoint/geopackage-mapcache-android,,,,,,,,,,13,483,100,2,,,,,,,,,,,,,,,,,,,,,,,,,0,0,,,,,
eelpie/squadlist,,,,,,,,,,53,3175,3026,1,,,,,,,,,,,,,,,,,,,,,,,,,0,0,,,,,
wcm-io/wcm-io-tooling,,,,,,,,,,378,7568,5599,3,,,,,,,,,,,,,,,,,,,,,,,,,0,0,,,,,
exoplatform/commons,,,,,,,,,,23,513,15723,5,,,,,,,,,,,,,,,,,,,,,,,,,0,0,,,,,
Adyen/adyen-hybris,,,,,,,,,,53,21282,20184,3,,,,,,,,,,,,,,,,,,,,,,,,,0,0,,,,,
crdroidandroid/android_lineage-sdk,,,,,,,,,,36,866,1789,13,,,,,,,,,,,,,,,,,,,,,,,,,0,0,,,,,
powsybl/powsybl-gse,,,,,,,,,,16,471,413,4,,,,,,,,,,,,,,,,,,,,,,,,,0,0,,,,,
jenkinsci/electricflow-plugin,,,,,,,,,,181,20520,13322,5,,,,,,,,,,,,,,,,,,,,,,,,,0,0,,,,,
MobClub/MobPush-For-Unity,,,,,,,,,,3,1935,1330,1,,,,,,,,,,,,,,,,,,,,,,,,,0,0,,,,,
bingoohuang/excel2javabeans,,,,,,,,,,6,349,13,1,,,,,,,,,,,,,,,,,,,,,,,,,3,0,,,,,
rieckpil/custom-maven-archetypes,,,,,,,,,,27,1322,1463,2,,,,,,,,,,,,,,,,,,,,,,,,,0,0,,,,,
intake24/survey-frontend,,,,,,,,,,18,1032,286,2,,,,,,,,,,,,,,,,,,,,,,,,,0,0,,,,,
rowiki/wikiro,,,,,,,,,,6,106,109,1,,,,,,,,,,,,,,,,,,,,,,,,,0,0,,,,,
DJI-Mobile-SDK-Tutorials/Android-UXSDKDemo,,,,,,,,,,1,8,4,1,,,,,,,,,,,,,,,,,,,,,,,,,0,0,,,,,
wso2/carbon-crypto-service,,,,,,,,,,23,872,182,2,,,,,,,,,,,,,,,,,,,,,,,,,0,0,,,,,
alv-ch/candidate-service,,,,,,,,,,17,1383,523,4,,,,,,,,,,,,,,,,,,,,,,,,,0,0,,,,,
tripledev/ekilex,,,,,,,,,,549,130826,144990,8,,,,,,,,,,,,,,,,,,,,,,,,,0,0,,,,,
En-Query/EncryptedQuery,,,,,,,,,,0,0,0,0,,,,,,,,,,,,,,,,,,,,,,,,,0,0,,,,,
LineageOS/android_packages_apps_Contacts,,,,,,,,,,6,2415,54,2,,,,,,,,,,,,,,,,,,,,,,,,,0,0,,,,,
Faceunity/FUQiniuShortVideoDemoDroid,,,,,,,,,,0,0,0,0,,,,,,,,,,,,,,,,,,,,,,,,,0,0,,,,,
ganeshhp/helloworldweb,,,,,,,,,,1,1,1,1,,,,,,,,,,,,,,,,,,,,,,,,,0,0,,,,,
cncounter/cncounter-web,,,,,,,,,,8,1283,20,1,,,,,,,,,,,,,,,,,,,,,,,,,0,0,,,,,
LZ9/AgileDev,,,,,,,,,,24,232,200,1,,,,,,,,,,,,,,,,,,,,,,,,,0,0,,,,,
MarceloCorpucci/effective-testing_test-suite,,,,,,,,,,1,2,43,1,,,,,,,,,,,,,,,,,,,,,,,,,0,0,,,,,
HY-Org/hy.common.base,,,,,,,,,,16,1957,720,1,,,,,,,,,,,,,,,,,,,,,,,,,0,0,,,,,
jaffa-projects/jaffa-framework,,,,,,,,,,5,63,19,2,,,,,,,,,,,,,,,,,,,,,,,,,0,0,,,,,
odinsbane/jfilament,,,,,,,,,,0,0,0,0,,,,,,,,,,,,,,,,,,,,,,,,,0,0,,,,,
ApptuitAI/JInsight,,,,,,,,,,9,50,35,1,,,,,,,,,,,,,,,,,,,,,,,,,0,0,,,,,
team467/Robot2019-Competition,,,,,,,,,,120,7227,14571,6,,,,,,,,,,,,,,,,,,,,,,,,,0,0,,,,,
cnaude/PurpleIRC-spigot,,,,,,,,,,0,0,0,0,,,,,,,,,,,,,,,,,,,,,,,,,0,0,,,,,
eclipse/gerrit-cla-plugin,,,,,,,,,,6,837,782,2,,,,,,,,,,,,,,,,,,,,,,,,,0,0,,,,,
Terasology/FlowingLiquids,,,,,,,,,,6,92,113,3,,,,,,,,,,,,,,,,,,,,,,,,,0,0,,,,,
wso2-extensions/siddhi-map-json,,,,,,,,,,4,158,19,2,,,,,,,,,,,,,,,,,,,,,,,,,44,0,,,,,
dbmdz/flusswerk,,,,,,,,,,112,23414,23241,1,,,,,,,,,,,,,,,,,,,,,,,,,0,0,,,,,
gravitee-io/gravitee-resource-oauth2-provider-keycloak,,,,,,,,,,2,3,3,1,,,,,,,,,,,,,,,,,,,,,,,,,0,0,,,,,
specify/specify6,,,,,,,,,,193,445237,367843,3,,,,,,,,,,,,,,,,,,,,,,,,,0,0,,,,,
Flash3388/FlashLib,,,,,,,,,,19,9512,9505,1,,,,,,,,,,,,,,,,,,,,,,,,,0,0,,,,,
cloudogu/cas,,,,,,,,,,33,608,343,3,,,,,,,,,,,,,,,,,,,,,,,,,0,0,,,,,
MoKee/android_packages_apps_FMRadio,,,,,,,,,,1,1,1,1,,,,,,,,,,,,,,,,,,,,,,,,,0,0,,,,,
Yakindu/solidity-ide,,,,,,,,,,9,32768,825,1,,,,,,,,,,,,,,,,,,,,,,,,,0,0,,,,,
Nike-Inc/cerberus-management-service,,,,,,,,,,53,15690,4272,5,,,,,,,,,,,,,,,,,,,,,,,,,0,0,,,,,
DevelopSys/clasepmdm,,,,,,,,,,0,0,0,0,,,,,,,,,,,,,,,,,,,,,,,,,0,0,,,,,
howardliu-cn/my-gear,,,,,,,,,,4,419,433,1,,,,,,,,,,,,,,,,,,,,,,,,,2,0,,,,,
gbif/pipelines,,,,,,,,,,292,72811,49506,7,,,,,,,,,,,,,,,,,,,,,,,,,0,0,,,,,
franmontiel/LocaleChanger,,,,,,,,,,1,129,69,1,,,,,,,,,,,,,,,,,,,,,,,,,0,0,,,,,
milbin/Teach-Assist,,,,,,,,,,35,9229,5848,3,,,,,,,,,,,,,,,,,,,,,,,,,0,0,,,,,
JustinSDK/JavaSE9Tutorial,,,,,,,,,,0,0,0,0,,,,,,,,,,,,,,,,,,,,,,,,,0,0,,,,,
metaborg/mb-exec,,,,,,,,,,51,4996,3035,5,,,,,,,,,,,,,,,,,,,,,,,,,0,0,,,,,
Spirals-Team/npefix,,,,,,,,,,1,3,2,1,,,,,,,,,,,,,,,,,,,,,,,,,0,0,,,,,
Zrips/Jobs,,,,,,,,,,200,16440,15375,7,,,,,,,,,,,,,,,,,,,,,,,,,0,0,,,,,
nroduit/weasis-dicom-tools,,,,,,,,,,7,64,101,1,,,,,,,,,,,,,,,,,,,,,,,,,0,0,,,,,
Sentaroh/SMBSync2,,,,,,,,,,197,26431,12808,1,,,,,,,,,,,,,,,,,,,,,,,,,0,0,,,,,
iNPUTmice/caas,,,,,,,,,,13,281,39,7,,,,,,,,,,,,,,,,,,,,,,,,,0,0,,,,,
siteadmin/code-validator-api,,,,,,,,,,1,1,1,1,,,,,,,,,,,,,,,,,,,,,,,,,0,0,,,,,
eclipse/mylyn.context,,,,,,,,,,2,16,22,2,,,,,,,,,,,,,,,,,,,,,,,,,0,0,,,,,
TKnudsen/DMandML,,,,,,,,,,15,123,84,1,,,,,,,,,,,,,,,,,,,,,,,,,0,0,,,,,
TechnicPack/LauncherCore,,,,,,,,,,2,7,5,1,,,,,,,,,,,,,,,,,,,,,,,,,0,0,,,,,
reactome/analysis-report,,,,,,,,,,1,5,10,1,,,,,,,,,,,,,,,,,,,,,,,,,0,0,,,,,
MyCoRe-Org/mycore,,,,,,,,,,113,10767,4441,11,,,,,,,,,,,,,,,,,,,,,,,,,5,0,,,,,
spring-cloud-stream-app-starters/redis-pubsub,,,,,,,,,,3,22,19,2,,,,,,,,,,,,,,,,,,,,,,,,,0,0,,,,,
IOT-DSA/sdk-dslink-java,,,,,,,,,,1,6,7,1,,,,,,,,,,,,,,,,,,,,,,,,,0,0,,,,,
AtlasOfLivingAustralia/biocache-service,,,,,,,,,,51,1798,1340,7,,,,,,,,,,,,,,,,,,,,,,,,,0,0,,,,,
Gurux/gurux.dlms.java,,,,,,,,,,163,15726,3172,1,,,,,,,,,,,,,,,,,,,,,,,,,0,0,,,,,
tobiasbaum/reviewtool,,,,,,,,,,7,919,817,1,,,,,,,,,,,,,,,,,,,,,,,,,0,0,,,,,
sos-berlin/jade,,,,,,,,,,10,515,186,1,,,,,,,,,,,,,,,,,,,,,,,,,0,0,,,,,
tuskyapp/Tusky,,,,,,,,,,262,11649,8731,31,,,,,,,,,,,,,,,,,,,,,,,,,0,0,,,,,
LineageOS/android_packages_apps_ManagedProvisioning,,,,,,,,,,2,337,2,1,,,,,,,,,,,,,,,,,,,,,,,,,0,0,,,,,
jboss-developer/jboss-stacks,,,,,,,,,,16,424,47,7,,,,,,,,,,,,,,,,,,,,,,,,,0,0,,,,,
fishwjy/BottomNavigationBar,,,,,,,,,,3,893,395,1,,,,,,,,,,,,,,,,,,,,,,,,,0,0,,,,,
apache/qpid-jms-amqp-0-x,,,,,,,,,,20,1252,232,2,,,,,,,,,,,,,,,,,,,,,,,,,0,0,,,,,
hendraanggrian/recyclerview-paginated,,,,,,,,,,1,1,18,1,,,,,,,,,,,,,,,,,,,,,,,,,0,0,,,,,
real-logic/artio,,,,,,,,,,300,33294,14309,7,,,,,,,,,,,,,,,,,,,,,,,,,0,0,,,,,
gravitee-io/gravitee-gateway,,,,,,,,,,117,4910,2398,7,,,,,,,,,,,,,,,,,,,,,,,,,0,0,,,,,
PlayFab/JavaSDK,,,,,,,,,,10,20795,2347,1,,,,,,,,,,,,,,,,,,,,,,,,,0,0,,,,,
ideaconsult/ambit-mirror,,,,,,,,,,65,3778,3717,3,,,,,,,,,,,,,,,,,,,,,,,,,0,0,,,,,
NCIEVS/ops-owl-applications,,,,,,,,,,3,836,39,1,,,,,,,,,,,,,,,,,,,,,,,,,0,0,,,,,
Lembas-Modding-Team/pvp-mode,,,,,,,,,,1,33,23,1,,,,,,,,,,,,,,,,,,,,,,,,,0,0,,,,,
scifio/scifio,,,,,,,,,,31,2683,1347,5,,,,,,,,,,,,,,,,,,,,,,,,,0,0,,,,,
eclipse/rt.equinox.bundles,,,,,,,,,,75,3867,2391,11,,,,,,,,,,,,,,,,,,,,,,,,,33,0,,,,,
NiklasEi/gamebox,,,,,,,,,,65,28964,22111,2,,,,,,,,,,,,,,,,,,,,,,,,,0,0,,,,,
endeavourhealth/Utility,,,,,,,,,,5,138,13,1,,,,,,,,,,,,,,,,,,,,,,,,,0,0,,,,,
seecr/meresco-lucene,,,,,,,,,,1,3,23,1,,,,,,,,,,,,,,,,,,,,,,,,,0,0,,,,,
SayefReyadh/tutorials,,,,,,,,,,1,72,0,1,,,,,,,,,,,,,,,,,,,,,,,,,0,0,,,,,
phax/peppol-commons,,,,,,,,,,169,38594,48830,1,,,,,,,,,,,,,,,,,,,,,,,,,6,0,,,,,
bergerhealer/MyWorlds,,,,,,,,,,3,11,5,1,,,,,,,,,,,,,,,,,,,,,,,,,0,0,,,,,
globalbioticinteractions/elton,,,,,,,,,,88,3143,1813,1,,,,,,,,,,,,,,,,,,,,,,,,,0,0,,,,,
webdetails/cpf,,,,,,,,,,0,0,0,0,,,,,,,,,,,,,,,,,,,,,,,,,0,0,,,,,
52North/triturus,,,,,,,,,,40,5404,3104,3,,,,,,,,,,,,,,,,,,,,,,,,,0,0,,,,,
JavaSaBr/RLib,,,,,,,,,,4,201,115,1,,,,,,,,,,,,,,,,,,,,,,,,,0,0,,,,,
wso2-extensions/siddhi-io-http,,,,,,,,,,11,2231,51,6,,,,,,,,,,,,,,,,,,,,,,,,,0,0,,,,,
tdomzal/junit-docker-rule,,,,,,,,,,1,20,19,1,,,,,,,,,,,,,,,,,,,,,,,,,10,0,,,,,
systelab/seed-jee,,,,,,,,,,1,5,0,1,,,,,,,,,,,,,,,,,,,,,,,,,0,0,,,,,
weXsol/Mongrel,,,,,,,,,,0,0,0,0,,,,,,,,,,,,,,,,,,,,,,,,,0,0,,,,,
openmicroscopy/openmicroscopy,,,,,,,,,,99,1312,2287,6,,,,,,,,,,,,,,,,,,,,,,,,,0,0,,,,,
JeffersonLab/clas12calibration-ft,,,,,,,,,,2,22,8,1,,,,,,,,,,,,,,,,,,,,,,,,,0,0,,,,,
WASdev/ci.common,,,,,,,,,,90,2581,1070,6,,,,,,,,,,,,,,,,,,,,,,,,,2,0,,,,,
ecsec/open-ecard-android,,,,,,,,,,1,6,10,1,,,,,,,,,,,,,,,,,,,,,,,,,0,0,,,,,
openbase/generic-display,,,,,,,,,,1,7,12,1,,,,,,,,,,,,,,,,,,,,,,,,,0,0,,,,,
rewe-digital-incubator/composer,,,,,,,,,,8,80,141,2,,,,,,,,,,,,,,,,,,,,,,,,,0,0,,,,,
opensha/opensha-dev,,,,,,,,,,28,364709,7678,2,,,,,,,,,,,,,,,,,,,,,,,,,0,0,,,,,
Murph9/RallyGame,,,,,,,,,,337,48924,43915,1,,,,,,,,,,,,,,,,,,,,,,,,,0,0,,,,,
haveric/RecipeManager2,,,,,,,,,,239,43500,20246,1,,,,,,,,,,,,,,,,,,,,,,,,,0,0,,,,,
apache/accumulo,,,,,,,,,,145,24292,15407,15,,,,,,,,,,,,,,,,,,,,,,,,,14,0,,,,,
geosdi/geo-platform,,,,,,,,,,210,109947,45843,2,,,,,,,,,,,,,,,,,,,,,,,,,0,0,,,,,
GZOSP/packages_services_Telephony,,,,,,,,,,0,0,0,0,,,,,,,,,,,,,,,,,,,,,,,,,0,0,,,,,
RohanNagar/lightning,,,,,,,,,,0,0,0,0,,,,,,,,,,,,,,,,,,,,,,,,,0,0,,,,,
PeachLcz/Leetcode,,,,,,,,,,1,1,0,1,,,,,,,,,,,,,,,,,,,,,,,,,0,0,,,,,
rodolfotva/webtva-archetype,,,,,,,,,,1,5,5,1,,,,,,,,,,,,,,,,,,,,,,,,,0,0,,,,,
League-Level0-Student/level-0-module-0-ComputerCodingMaster,,,,,,,,,,1,13,21,1,,,,,,,,,,,,,,,,,,,,,,,,,0,0,,,,,
mhiceiuk/BloodBank,,,,,,,,,,5,772,4,2,,,,,,,,,,,,,,,,,,,,,,,,,0,0,,,,,
mlhartme/lavender,,,,,,,,,,2,13,1,1,,,,,,,,,,,,,,,,,,,,,,,,,0,0,,,,,
rakeshmick/DomainTest,,,,,,,,,,0,0,0,0,,,,,,,,,,,,,,,,,,,,,,,,,0,0,,,,,
vipulgupta2048/Vprac,,,,,,,,,,2,159,18,1,,,,,,,,,,,,,,,,,,,,,,,,,0,0,,,,,
Naturtalent/Office,,,,,,,,,,0,0,0,0,,,,,,,,,,,,,,,,,,,,,,,,,0,0,,,,,
surya818/IMDBApp,,,,,,,,,,5,31,7,1,,,,,,,,,,,,,,,,,,,,,,,,,0,0,,,,,
sotowang/nowcoder_test,,,,,,,,,,1,48,0,1,,,,,,,,,,,,,,,,,,,,,,,,,0,0,,,,,
fuatkarakus/sayisal-loto-project,,,,,,,,,,4,112,1278,1,,,,,,,,,,,,,,,,,,,,,,,,,0,0,,,,,
timleecasey/mtgsim,,,,,,,,,,0,0,0,0,,,,,,,,,,,,,,,,,,,,,,,,,0,0,,,,,
Fine112358/hello-world,,,,,,,,,,0,0,0,0,,,,,,,,,,,,,,,,,,,,,,,,,0,0,,,,,
spati-java/spring-boot-java-highlevel-rest-client-elasticsearch,,,,,,,,,,0,0,0,0,,,,,,,,,,,,,,,,,,,,,,,,,0,0,,,,,
MikalaiKazak/department-app,,,,,,,,,,0,0,0,0,,,,,,,,,,,,,,,,,,,,,,,,,0,0,,,,,
cornerstonews/cornerstone-websocket-proxy,,,,,,,,,,1,9,8,1,,,,,,,,,,,,,,,,,,,,,,,,,0,0,,,,,
vscarin/ccee-legacy-spring-boot,,,,,,,,,,4,128,19,1,,,,,,,,,,,,,,,,,,,,,,,,,0,0,,,,,
hms-dbmi/pic-sure,,,,,,,,,,3,143,19,2,,,,,,,,,,,,,,,,,,,,,,,,,0,0,,,,,
subes/invesdwin-context-integration,,,,,,,,,,28,355,669,1,,,,,,,,,,,,,,,,,,,,,,,,,0,0,,,,,
nktener0902/pet-watcher,,,,,,,,,,0,0,0,0,,,,,,,,,,,,,,,,,,,,,,,,,0,0,,,,,
spring-fundamentals/spring-basics,,,,,,,,,,0,0,0,0,,,,,,,,,,,,,,,,,,,,,,,,,0,0,,,,,
victoraldir/ahpapi,,,,,,,,,,3,21,0,1,,,,,,,,,,,,,,,,,,,,,,,,,0,0,,,,,
berry-cs/sinbad,,,,,,,,,,5,207,30,1,,,,,,,,,,,,,,,,,,,,,,,,,0,0,,,,,
Alex-Xavier/ACTIFICA,,,,,,,,,,17,17424,16788,1,,,,,,,,,,,,,,,,,,,,,,,,,0,0,,,,,
tuvakov/MySunshine,,,,,,,,,,1,12,4,1,,,,,,,,,,,,,,,,,,,,,,,,,0,0,,,,,
kunwardeeps/MyLeetCode,,,,,,,,,,1,329,1,1,,,,,,,,,,,,,,,,,,,,,,,,,0,0,,,,,
qqins/MyAlgs4,,,,,,,,,,1,50,353,1,,,,,,,,,,,,,,,,,,,,,,,,,0,0,,,,,
jk10790/DSPrac,,,,,,,,,,0,0,0,0,,,,,,,,,,,,,,,,,,,,,,,,,0,0,,,,,
ModernizacionMuniCBA/portal-de-mapas,,,,,,,,,,2,18,18,1,,,,,,,,,,,,,,,,,,,,,,,,,0,0,,,,,
vmathen/CounterWebApp-war,,,,,,,,,,19,29,24,1,,,,,,,,,,,,,,,,,,,,,,,,,0,0,,,,,
phillima/arthas,,,,,,,,,,0,0,0,0,,,,,,,,,,,,,,,,,,,,,,,,,0,0,,,,,
stella-ki/youhavetodo,,,,,,,,,,3,9,2,1,,,,,,,,,,,,,,,,,,,,,,,,,0,0,,,,,
KimUihyeon/note,,,,,,,,,,1,57,36,1,,,,,,,,,,,,,,,,,,,,,,,,,0,0,,,,,
rafaelhss/foodloglite,,,,,,,,,,2,101013,101149,1,,,,,,,,,,,,,,,,,,,,,,,,,0,0,,,,,
zhaotao1994/apache-poi-study,,,,,,,,,,1,1,1,1,,,,,,,,,,,,,,,,,,,,,,,,,0,0,,,,,
songzheng1997/leetcode,,,,,,,,,,1,24,0,1,,,,,,,,,,,,,,,,,,,,,,,,,0,0,,,,,
cacard/JavaDemo,,,,,,,,,,1,59,0,1,,,,,,,,,,,,,,,,,,,,,,,,,0,0,,,,,
chuancw/springboot-demo,,,,,,,,,,2,104,5,1,,,,,,,,,,,,,,,,,,,,,,,,,0,0,,,,,
xiwu/gss.samples,,,,,,,,,,3,16905,155,1,,,,,,,,,,,,,,,,,,,,,,,,,0,0,,,,,
CHYGO1985/Java_Concurrency_TIJ4,,,,,,,,,,2,207,0,1,,,,,,,,,,,,,,,,,,,,,,,,,0,0,,,,,
ParlocameonTheDev/TheStuffMod-Repo-Drop,,,,,,,,,,1,11,1,1,,,,,,,,,,,,,,,,,,,,,,,,,0,0,,,,,
ZhongFuCheng3y/JavaArithmetic,,,,,,,,,,0,0,0,0,,,,,,,,,,,,,,,,,,,,,,,,,0,0,,,,,
vaadin/charts,,,,,,,,,,0,0,0,0,,,,,,,,,,,,,,,,,,,,,,,,,0,0,,,,,
santa-dev/santa-sim,,,,,,,,,,0,0,0,0,,,,,,,,,,,,,,,,,,,,,,,,,0,0,,,,,
omnirom/android_packages_services_Telephony,,,,,,,,,,0,0,0,0,,,,,,,,,,,,,,,,,,,,,,,,,0,0,,,,,
adempiere/adempiere,,,,,,,,,,139,58508,7774,6,,,,,,,,,,,,,,,,,,,,,,,,,0,0,,,,,
scottishgovernment/gov-scot,,,,,,,,,,73,3189,1990,6,,,,,,,,,,,,,,,,,,,,,,,,,0,0,,,,,
wavemaker/wavemaker-commons,,,,,,,,,,0,0,0,0,,,,,,,,,,,,,,,,,,,,,,,,,0,0,,,,,
cricci82/hello-world-instrumented,,,,,,,,,,2,2,2,1,,,,,,,,,,,,,,,,,,,,,,,,,0,0,,,,,
getsocial-im/getsocial-android-sdk,,,,,,,,,,0,0,0,0,,,,,,,,,,,,,,,,,,,,,,,,,0,0,,,,,
brucevsked/vskeddemolist,,,,,,,,,,135,145310,5399,1,,,,,,,,,,,,,,,,,,,,,,,,,0,0,,,,,
geozet/openls-databinding,,,,,,,,,,0,0,0,0,,,,,,,,,,,,,,,,,,,,,,,,,2,0,,,,,
Opetushallitus/eperusteet,,,,,,,,,,91,15804,1370,3,,,,,,,,,,,,,,,,,,,,,,,,,0,0,,,,,
aigents/aigents-java,,,,,,,,,,119,158207,110037,2,,,,,,,,,,,,,,,,,,,,,,,,,0,0,,,,,
fidusio/zoxweb-core,,,,,,,,,,84,4930,2744,1,,,,,,,,,,,,,,,,,,,,,,,,,9,0,,,,,
bakdata/conquery,,,,,,,,,,730,84505,80128,5,,,,,,,,,,,,,,,,,,,,,,,,,0,0,,,,,
afrl-rq/LmcpGen,,,,,,,,,,1,2,1,1,,,,,,,,,,,,,,,,,,,,,,,,,0,0,,,,,
olcaytaner/MorphologicalAnalysis,,,,,,,,,,11,53,180,3,,,,,,,,,,,,,,,,,,,,,,,,,11,0,,,,,
database-rider/database-rider,,,,,,,,,,45,3892,676,7,,,,,,,,,,,,,,,,,,,,,,,,,35,0,,,,,
flipkart-incubator/grpc-jexpress,,,,,,,,,,0,0,0,0,,,,,,,,,,,,,,,,,,,,,,,,,0,0,,,,,
charles-wangkai/leetcode,,,,,,,,,,264,6247,704,1,,,,,,,,,,,,,,,,,,,,,,,,,0,0,,,,,
OpenHFT/Chronicle-Bytes,,,,,,,,,,107,4507,2527,5,,,,,,,,,,,,,,,,,,,,,,,,,43,0,,,,,
Hygieia/hygieia-core,,,,,,,,,,72,2207,1219,7,,,,,,,,,,,,,,,,,,,,,,,,,0,0,,,,,
shadowwang/ZxFootball,,,,,,,,,,0,0,0,0,,,,,,,,,,,,,,,,,,,,,,,,,0,0,,,,,
orbisgis/orbisdata,,,,,,,,,,118,30861,13442,2,,,,,,,,,,,,,,,,,,,,,,,,,0,0,,,,,
liuyangming/ByteTCC-sample,,,,,,,,,,0,0,0,0,,,,,,,,,,,,,,,,,,,,,,,,,0,0,,,,,
BasisHub/components,,,,,,,,,,79,164490,85875,6,,,,,,,,,,,,,,,,,,,,,,,,,0,0,,,,,
joblo2213/RPGMenu,,,,,,,,,,2,44,48,2,,,,,,,,,,,,,,,,,,,,,,,,,0,0,,,,,
dcm4che/dcm4che,,,,,,,,,,186,66236,5352,7,,,,,,,,,,,,,,,,,,,,,,,,,0,0,,,,,
670832188/TestApp,,,,,,,,,,0,0,0,0,,,,,,,,,,,,,,,,,,,,,,,,,0,0,,,,,
spdx/tools,,,,,,,,,,28,6776,3603,5,,,,,,,,,,,,,,,,,,,,,,,,,14,0,,,,,
wso2/carbon-data,,,,,,,,,,43,1772,1728,4,,,,,,,,,,,,,,,,,,,,,,,,,0,0,,,,,
eclipse/eclipse.platform.runtime,,,,,,,,,,63,873,700,12,,,,,,,,,,,,,,,,,,,,,,,,,0,0,,,,,
eclipse/elk,,,,,,,,,,288,80421,21465,5,,,,,,,,,,,,,,,,,,,,,,,,,0,0,,,,,
Faceunity/FULiveDemoDroid,,,,,,,,,,0,0,0,0,,,,,,,,,,,,,,,,,,,,,,,,,0,0,,,,,
CoderDojoPotsdam/projects,,,,,,,,,,0,0,0,0,,,,,,,,,,,,,,,,,,,,,,,,,0,0,,,,,
yannecer/NCalendar,,,,,,,,,,25,2947,2115,1,,,,,,,,,,,,,,,,,,,,,,,,,0,0,,,,,
neowu/core-ng-project,,,,,,,,,,217,11854,8420,3,,,,,,,,,,,,,,,,,,,,,,,,,0,0,,,,,
networknt/openapi-bundler,,,,,,,,,,1,1,1,1,,,,,,,,,,,,,,,,,,,,,,,,,0,0,,,,,
NCI-Agency/anet,,,,,,,,,,610,43644,40950,6,,,,,,,,,,,,,,,,,,,,,,,,,0,0,,,,,
nuxeo/nuxeo-showcase-content-sample,,,,,,,,,,9,83,88,2,,,,,,,,,,,,,,,,,,,,,,,,,0,0,,,,,
home-climate-control/dz,,,,,,,,,,19,89,46,1,,,,,,,,,,,,,,,,,,,,,,,,,0,0,,,,,
davioooh/datatables-pagination,,,,,,,,,,0,0,0,0,,,,,,,,,,,,,,,,,,,,,,,,,0,0,,,,,
NyaaCat/RPGItems-reloaded,,,,,,,,,,144,5341,4947,3,,,,,,,,,,,,,,,,,,,,,,,,,0,0,,,,,
reaktivity/nukleus-http.java,,,,,,,,,,139,1822,1198,3,,,,,,,,,,,,,,,,,,,,,,,,,4,0,,,,,
my-flow/paypalimporter,,,,,,,,,,0,0,0,0,,,,,,,,,,,,,,,,,,,,,,,,,0,0,,,,,
OpenKnowledgeMaps/Headstart,,,,,,,,,,486,28815,92091,5,,,,,,,,,,,,,,,,,,,,,,,,,0,0,,,,,
aspose-pdf-cloud/aspose-pdf-cloud-java,,,,,,,,,,0,0,0,0,,,,,,,,,,,,,,,,,,,,,,,,,0,0,,,,,
spring-projects/spring-amqp,,,,,,,,,,75,8007,4932,10,,,,,,,,,,,,,,,,,,,,,,,,,3280,0,,,,,
tomtom-international/james,,,,,,,,,,0,0,0,0,,,,,,,,,,,,,,,,,,,,,,,,,0,0,,,,,
contentstack/contentstack-java,,,,,,,,,,3,7,14,2,,,,,,,,,,,,,,,,,,,,,,,,,0,0,,,,,
cdk/cdk,,,,,,,,,,44,1792,1177,5,,,,,,,,,,,,,,,,,,,,,,,,,14,0,,,,,
apache/commons-statistics,,,,,,,,,,62,1744,1231,3,,,,,,,,,,,,,,,,,,,,,,,,,0,0,,,,,
League-level3/_00_Arrays,,,,,,,,,,0,0,0,0,,,,,,,,,,,,,,,,,,,,,,,,,0,0,,,,,
google/guava-beta-checker,,,,,,,,,,1,1,1,1,,,,,,,,,,,,,,,,,,,,,,,,,2,0,,,,,
moravianlibrary/RecordManager2,,,,,,,,,,133,4754,1394,1,,,,,,,,,,,,,,,,,,,,,,,,,0,0,,,,,
opendaylight/bgpcep,,,,,,,,,,82,15777,10855,6,,,,,,,,,,,,,,,,,,,,,,,,,1,0,,,,,
huangjianqin/BigData,,,,,,,,,,5,905,1532,1,,,,,,,,,,,,,,,,,,,,,,,,,0,0,,,,,
elBukkit/MagicPlugin,,,,,,,,,,388,43959,24844,5,,,,,,,,,,,,,,,,,,,,,,,,,0,0,,,,,
AospExtended/platform_packages_inputmethods_LatinIME,,,,,,,,,,0,0,0,0,,,,,,,,,,,,,,,,,,,,,,,,,0,0,,,,,
hispindia/his-patient-dashboard,,,,,,,,,,1,269,138,1,,,,,,,,,,,,,,,,,,,,,,,,,0,0,,,,,
cachapa/AerialDream,,,,,,,,,,3,87,30,1,,,,,,,,,,,,,,,,,,,,,,,,,0,0,,,,,
LineageOS/android_vendor_codeaurora_telephony,,,,,,,,,,0,0,0,0,,,,,,,,,,,,,,,,,,,,,,,,,0,0,,,,,
all-of-us/workbench,,,,,,,,,,683,128196,76181,14,,,,,,,,,,,,,,,,,,,,,,,,,0,0,,,,,
zkoss/zk,,,,,,,,,,195,33924,17181,4,,,,,,,,,,,,,,,,,,,,,,,,,1356,0,,,,,
nageshvkn/gamutkart2,,,,,,,,,,0,0,0,0,,,,,,,,,,,,,,,,,,,,,,,,,0,0,,,,,
VennMaker/vennmaker-source,,,,,,,,,,0,0,0,0,,,,,,,,,,,,,,,,,,,,,,,,,0,0,,,,,
mulesoft/mule-integration-tests,,,,,,,,,,84,11414,4909,22,,,,,,,,,,,,,,,,,,,,,,,,,0,0,,,,,
1and1/ioc-unit,,,,,,,,,,0,0,0,0,,,,,,,,,,,,,,,,,,,,,,,,,1,0,,,,,
dingzhongfa/dew-framework,,,,,,,,,,0,0,0,0,,,,,,,,,,,,,,,,,,,,,,,,,5,0,,,,,
warhog/fpvlaptracker,,,,,,,,,,0,0,0,0,,,,,,,,,,,,,,,,,,,,,,,,,0,0,,,,,
exoplatform/ecms,,,,,,,,,,523,250437,179352,23,,,,,,,,,,,,,,,,,,,,,,,,,0,0,,,,,
comtel2000/fx-experience,,,,,,,,,,1,24,0,1,,,,,,,,,,,,,,,,,,,,,,,,,8,0,,,,,
xchengDroid/EasyView,,,,,,,,,,0,0,0,0,,,,,,,,,,,,,,,,,,,,,,,,,0,0,,,,,
otto-de/edison-microservice,,,,,,,,,,30,393,210,7,,,,,,,,,,,,,,,,,,,,,,,,,0,0,,,,,
tyolab/CommonUtils,,,,,,,,,,0,0,0,0,,,,,,,,,,,,,,,,,,,,,,,,,0,0,,,,,
pentaho/pdi-palo-core,,,,,,,,,,0,0,0,0,,,,,,,,,,,,,,,,,,,,,,,,,0,0,,,,,
adorsys/smartanalytics,,,,,,,,,,0,0,0,0,,,,,,,,,,,,,,,,,,,,,,,,,0,0,,,,,
opencast/opencast,,,,,,,,,,231,169786,173953,24,,,,,,,,,,,,,,,,,,,,,,,,,0,0,,,,,
PhoenicisOrg/phoenicis,,,,,,,,,,16,2880,2582,4,,,,,,,,,,,,,,,,,,,,,,,,,0,0,,,,,
DSpace/DSpace,,,,,,,,,,715,81699,42181,17,,,,,,,,,,,,,,,,,,,,,,,,,0,0,,,,,
Evervolv/android_packages_services_Telephony,,,,,,,,,,0,0,0,0,,,,,,,,,,,,,,,,,,,,,,,,,0,0,,,,,
newforce-newttl/UW,,,,,,,,,,0,0,0,0,,,,,,,,,,,,,,,,,,,,,,,,,0,0,,,,,
OpenJML/OpenJMLDemo,,,,,,,,,,0,0,0,0,,,,,,,,,,,,,,,,,,,,,,,,,0,0,,,,,
GZOSP/frameworks_base,,,,,,,,,,21,360,225,9,,,,,,,,,,,,,,,,,,,,,,,,,0,0,,,,,
bbossgroups/bboss,,,,,,,,,,24,61981,14074,1,,,,,,,,,,,,,,,,,,,,,,,,,0,0,,,,,
apache/jackrabbit-filevault,,,,,,,,,,90,5460,3215,2,,,,,,,,,,,,,,,,,,,,,,,,,1,0,,,,,
apache/sling-slingfeature-maven-plugin,,,,,,,,,,116,6588,3833,6,,,,,,,,,,,,,,,,,,,,,,,,,16,0,,,,,
MicroFocus/octane-gocd-plugin,,,,,,,,,,0,0,0,0,,,,,,,,,,,,,,,,,,,,,,,,,0,0,,,,,
VamsiSangam/theoryofprogramming,,,,,,,,,,0,0,0,0,,,,,,,,,,,,,,,,,,,,,,,,,0,0,,,,,
gudaoxuri/dew-common,,,,,,,,,,11,6289,5393,1,,,,,,,,,,,,,,,,,,,,,,,,,7,0,,,,,
hoferbao/think-in-java,,,,,,,,,,0,0,0,0,,,,,,,,,,,,,,,,,,,,,,,,,0,0,,,,,
COBWEB-ca/cobweb2,,,,,,,,,,0,0,0,0,,,,,,,,,,,,,,,,,,,,,,,,,0,0,,,,,
Adyel/ServerSam,,,,,,,,,,0,0,0,0,,,,,,,,,,,,,,,,,,,,,,,,,0,0,,,,,
clfm/HackerRank,,,,,,,,,,0,0,0,0,,,,,,,,,,,,,,,,,,,,,,,,,0,0,,,,,
freshplanet/ANE-In-App-Purchase,,,,,,,,,,31,901,2367,2,,,,,,,,,,,,,,,,,,,,,,,,,0,0,,,,,
LEAGUE-Level0/Level0-Module4,,,,,,,,,,0,0,0,0,,,,,,,,,,,,,,,,,,,,,,,,,0,0,,,,,
carlomorelli/licensescan-maven-plugin,,,,,,,,,,0,0,0,0,,,,,,,,,,,,,,,,,,,,,,,,,0,0,,,,,
DirtyUnicorns/android_packages_apps_Bluetooth,,,,,,,,,,0,0,0,0,,,,,,,,,,,,,,,,,,,,,,,,,0,0,,,,,
pagseguro/pagseguro-java-sdk,,,,,,,,,,1,6,1,1,,,,,,,,,,,,,,,,,,,,,,,,,0,0,,,,,
SolarNetwork/solarnetwork-central,,,,,,,,,,327,46525,16496,1,,,,,,,,,,,,,,,,,,,,,,,,,0,0,,,,,
redhat-developer/rsp-server,,,,,,,,,,91,9555,2237,3,,,,,,,,,,,,,,,,,,,,,,,,,0,0,,,,,
SmartPack/SmartPack-Kernel-Manager,,,,,,,,,,188,68597,65065,10,,,,,,,,,,,,,,,,,,,,,,,,,0,0,,,,,
radixdlt/radixdlt-java,,,,,,,,,,40,8820,9494,6,,,,,,,,,,,,,,,,,,,,,,,,,0,0,,,,,
Geforce132/SecurityCraft,,,,,,,,,,383,51310,32417,7,,,,,,,,,,,,,,,,,,,,,,,,,0,0,,,,,
opendaylight/openflowplugin,,,,,,,,,,13,2299,1501,3,,,,,,,,,,,,,,,,,,,,,,,,,0,0,,,,,
fbacchella/LogHub,,,,,,,,,,83,10778,3742,1,,,,,,,,,,,,,,,,,,,,,,,,,0,0,,,,,
thorntail/thorntail-fraction-plugin,,,,,,,,,,4,18,57,2,,,,,,,,,,,,,,,,,,,,,,,,,12,0,,,,,
Insane-96/CarbonadoMod,,,,,,,,,,18,2474,2803,1,,,,,,,,,,,,,,,,,,,,,,,,,0,0,,,,,
sharplab/spring-security-webauthn,,,,,,,,,,56,88863,90092,1,,,,,,,,,,,,,,,,,,,,,,,,,0,0,,,,,
LiquidRemix/android_packages_services_Telephony,,,,,,,,,,0,0,0,0,,,,,,,,,,,,,,,,,,,,,,,,,0,0,,,,,
MIkeeJY/honglou,,,,,,,,,,0,0,0,0,,,,,,,,,,,,,,,,,,,,,,,,,0,0,,,,,
OpenSRP/opensrp-client-native-form,,,,,,,,,,391,20542,10591,11,,,,,,,,,,,,,,,,,,,,,,,,,0,0,,,,,
gaoleicoding/BiuBike,,,,,,,,,,0,0,0,0,,,,,,,,,,,,,,,,,,,,,,,,,0,0,,,,,
weld/core,,,,,,,,,,39,10842,10150,6,,,,,,,,,,,,,,,,,,,,,,,,,322,0,,,,,
osglworks/java-tool-ext,,,,,,,,,,3,8,5,1,,,,,,,,,,,,,,,,,,,,,,,,,2,0,,,,,
LiquidRemix/android_frameworks_opt_net_ims,,,,,,,,,,0,0,0,0,,,,,,,,,,,,,,,,,,,,,,,,,0,0,,,,,
FasterXML/jackson-modules-base,,,,,,,,,,37,125853,49310,1,,,,,,,,,,,,,,,,,,,,,,,,,22536,0,,,,,
Servoy/servoy-eclipse,,,,,,,,,,371,162061,50724,8,,,,,,,,,,,,,,,,,,,,,,,,,0,0,,,,,
TechReborn/RebornCore,,,,,,,,,,80,4443,4327,5,,,,,,,,,,,,,,,,,,,,,,,,,0,0,,,,,
rickding/HelloJava,,,,,,,,,,0,0,0,0,,,,,,,,,,,,,,,,,,,,,,,,,0,0,,,,,
Cosmic-OS/platform_packages_services_Telephony,,,,,,,,,,0,0,0,0,,,,,,,,,,,,,,,,,,,,,,,,,0,0,,,,,
named-data/ndn-dot-net,,,,,,,,,,0,0,0,0,,,,,,,,,,,,,,,,,,,,,,,,,0,0,,,,,
lorisdanto/symbolicautomata,,,,,,,,,,0,0,0,0,,,,,,,,,,,,,,,,,,,,,,,,,0,0,,,,,
hispindia/his-registration,,,,,,,,,,1,1430,1403,1,,,,,,,,,,,,,,,,,,,,,,,,,0,0,,,,,
ArchivesPortalEuropeFoundation/ape-backend,,,,,,,,,,0,0,0,0,,,,,,,,,,,,,,,,,,,,,,,,,0,0,,,,,
webdetails/cpk,,,,,,,,,,0,0,0,0,,,,,,,,,,,,,,,,,,,,,,,,,0,0,,,,,
rapidminer/rapidminer-studio,,,,,,,,,,0,0,0,0,,,,,,,,,,,,,,,,,,,,,,,,,0,0,,,,,
camunda/camunda-get-started-javaee,,,,,,,,,,0,0,0,0,,,,,,,,,,,,,,,,,,,,,,,,,0,0,,,,,
apache/juddi,,,,,,,,,,15,1706,504,2,,,,,,,,,,,,,,,,,,,,,,,,,209,0,,,,,
cytoscape/cytoscape-impl,,,,,,,,,,147,19740,21393,6,,,,,,,,,,,,,,,,,,,,,,,,,0,0,,,,,
arquillian/arquillian-container-weld,,,,,,,,,,5,140,139,2,,,,,,,,,,,,,,,,,,,,,,,,,120,0,,,,,
gskorupa/Cricket,,,,,,,,,,0,0,0,0,,,,,,,,,,,,,,,,,,,,,,,,,0,0,,,,,
seagull1985/LuckyFrameClient,,,,,,,,,,0,0,0,0,,,,,,,,,,,,,,,,,,,,,,,,,0,0,,,,,
TremoloSecurity/OpenUnison,,,,,,,,,,43,3053,1721,1,,,,,,,,,,,,,,,,,,,,,,,,,0,0,,,,,
pquiring/javaforce,,,,,,,,,,279,11248,5466,1,,,,,,,,,,,,,,,,,,,,,,,,,0,0,,,,,
alphagov/verify-saml-libs,,,,,,,,,,10,53,72,3,,,,,,,,,,,,,,,,,,,,,,,,,0,0,,,,,
jyhehir/mobster,,,,,,,,,,0,0,0,0,,,,,,,,,,,,,,,,,,,,,,,,,0,0,,,,,
tylanbin/platform-ng,,,,,,,,,,3,5,5,1,,,,,,,,,,,,,,,,,,,,,,,,,0,0,,,,,
CarbonROM/android_packages_apps_Launcher3,,,,,,,,,,6,11367,6320,4,,,,,,,,,,,,,,,,,,,,,,,,,0,0,,,,,
Xlinlin/SpringCloud-Demo,,,,,,,,,,0,0,0,0,,,,,,,,,,,,,,,,,,,,,,,,,0,0,,,,,
GZOSP/packages_apps_settings,,,,,,,,,,6,177,48,2,,,,,,,,,,,,,,,,,,,,,,,,,0,0,,,,,
TheHortonMachine/hortonmachine,,,,,,,,,,48,15180,11610,2,,,,,,,,,,,,,,,,,,,,,,,,,1,0,,,,,
Taskana/taskana,,,,,,,,,,370,226469,224385,14,,,,,,,,,,,,,,,,,,,,,,,,,2,0,,,,,
jamezrin/PlayerBalancer,,,,,,,,,,11,208,245,1,,,,,,,,,,,,,,,,,,,,,,,,,0,0,,,,,
bhuvnesh123/FFmpeg-Video-Editor-Android,,,,,,,,,,0,0,0,0,,,,,,,,,,,,,,,,,,,,,,,,,0,0,,,,,
KROKIteam/KROKI-mockup-tool,,,,,,,,,,0,0,0,0,,,,,,,,,,,,,,,,,,,,,,,,,0,0,,,,,
AndroidHardening/platform_packages_apps_Nfc,,,,,,,,,,0,0,0,0,,,,,,,,,,,,,,,,,,,,,,,,,0,0,,,,,
DataBiosphere/consent,,,,,,,,,,110,18031,14752,1,,,,,,,,,,,,,,,,,,,,,,,,,0,0,,,,,
Talend/component-runtime,,,,,,,,,,152,7893,4166,11,,,,,,,,,,,,,,,,,,,,,,,,,0,2,,,,,
MicroFocus/ppm-octane-connector,,,,,,,,,,0,0,0,0,,,,,,,,,,,,,,,,,,,,,,,,,0,0,,,,,
saket/Better-Link-Movement-Method,,,,,,,,,,2,22,72,1,,,,,,,,,,,,,,,,,,,,,,,,,0,0,,,,,
eXist-db/exist-apps-archetype,,,,,,,,,,0,0,0,0,,,,,,,,,,,,,,,,,,,,,,,,,0,0,,,,,
GradleCN/GradleSide,,,,,,,,,,1,138,0,1,,,,,,,,,,,,,,,,,,,,,,,,,0,0,,,,,
uobteachingtechnologist/ModuleSim,,,,,,,,,,0,0,0,0,,,,,,,,,,,,,,,,,,,,,,,,,0,0,,,,,
eclipse/titan.EclipsePlug-ins,,,,,,,,,,472,171570,102429,5,,,,,,,,,,,,,,,,,,,,,,,,,0,0,,,,,
JeffersonLab/hps-java,,,,,,,,,,142,55279,17390,10,,,,,,,,,,,,,,,,,,,,,,,,,0,0,,,,,
faucet-pipeline/faucet-pipeline-spring-boot-starter,,,,,,,,,,6,1931,1877,1,,,,,,,,,,,,,,,,,,,,,,,,,1,0,,,,,
AlphaWallet/alpha-wallet-android,,,,,,,,,,543,43734,28622,12,,,,,,,,,,,,,,,,,,,,,,,,,0,0,,,,,
Kaljurand/K6nele,,,,,,,,,,3,2229,1322,1,,,,,,,,,,,,,,,,,,,,,,,,,0,0,,,,,
zhousuqiang/TvWidget,,,,,,,,,,0,0,0,0,,,,,,,,,,,,,,,,,,,,,,,,,0,0,,,,,
LoginRadius/android-sdk,,,,,,,,,,0,0,0,0,,,,,,,,,,,,,,,,,,,,,,,,,0,0,,,,,
OpenNMS/opennms,,,,,,,,,,604,253860,141590,20,,,,,,,,,,,,,,,,,,,,,,,,,0,0,,,,,
imgly/pesdk-android-demo,,,,,,,,,,27,45599,22886,2,,,,,,,,,,,,,,,,,,,,,,,,,0,0,,,,,
cisco-system-traffic-generator/trex-java-sdk,,,,,,,,,,18,141,40,4,,,,,,,,,,,,,,,,,,,,,,,,,0,0,,,,,
kangdongpu/WanAndroid,,,,,,,,,,0,0,0,0,,,,,,,,,,,,,,,,,,,,,,,,,0,0,,,,,
smallrye/smallrye-open-api,,,,,,,,,,121,87542,78361,13,,,,,,,,,,,,,,,,,,,,,,,,,37,0,,,,,
elastic/stack-docs,,,,,,,,,,200,45354,26225,20,,,,,,,,,,,,,,,,,,,,,,,,,0,0,,,,,
pentaho/pentaho-mondrianschemaworkbench-plugins,,,,,,,,,,0,0,0,0,,,,,,,,,,,,,,,,,,,,,,,,,0,0,,,,,
bbossgroups/eshelloword,,,,,,,,,,19,118,128,1,,,,,,,,,,,,,,,,,,,,,,,,,0,0,,,,,
zhousuqiang/TvFocusBorder,,,,,,,,,,0,0,0,0,,,,,,,,,,,,,,,,,,,,,,,,,0,0,,,,,
real-logic/fix-integration,,,,,,,,,,44,114,134,2,,,,,,,,,,,,,,,,,,,,,,,,,0,0,,,,,
monkeylord/XServer,,,,,,,,,,0,0,0,0,,,,,,,,,,,,,,,,,,,,,,,,,0,0,,,,,
palantir/conjure-java-runtime,,,,,,,,,,299,17808,9838,13,,,,,,,,,,,,,,,,,,,,,,,,,0,0,,,,,
vorburger/opendaylight-simple,,,,,,,,,,0,0,0,0,,,,,,,,,,,,,,,,,,,,,,,,,0,0,,,,,
SRGSSR/SRGMediaPlayer-Android,,,,,,,,,,27,1628,903,2,,,,,,,,,,,,,,,,,,,,,,,,,0,0,,,,,
etiennedub/LecteurOPUS,,,,,,,,,,0,0,0,0,,,,,,,,,,,,,,,,,,,,,,,,,0,0,,,,,
openmrs/openmrs-module-registrationapp,,,,,,,,,,29,1113,317,10,,,,,,,,,,,,,,,,,,,,,,,,,0,0,,,,,
maxbbraun/mirror,,,,,,,,,,12,174,398,1,,,,,,,,,,,,,,,,,,,,,,,,,0,0,,,,,
luttero/Maud,,,,,,,,,,0,0,0,0,,,,,,,,,,,,,,,,,,,,,,,,,0,0,,,,,
LEAGUE-Level0/Level0-Module3,,,,,,,,,,0,0,0,0,,,,,,,,,,,,,,,,,,,,,,,,,0,0,,,,,
vladmihalcea/high-performance-java-persistence,,,,,,,,,,96,11643,4461,1,,,,,,,,,,,,,,,,,,,,,,,,,0,0,,,,,
omnirom/android_packages_services_Telecomm,,,,,,,,,,0,0,0,0,,,,,,,,,,,,,,,,,,,,,,,,,0,0,,,,,
inspire-software/yes-cart,,,,,,,,,,104,41079,30035,1,,,,,,,,,,,,,,,,,,,,,,,,,0,0,,,,,
inkss/markdown,,,,,,,,,,18,107639,109694,1,,,,,,,,,,,,,,,,,,,,,,,,,0,0,,,,,
zDevelopers/zLib,,,,,,,,,,0,0,0,0,,,,,,,,,,,,,,,,,,,,,,,,,0,0,,,,,
bootique-examples/bootique-jdbc-demo,,,,,,,,,,0,0,0,0,,,,,,,,,,,,,,,,,,,,,,,,,0,0,,,,,
GoogleCloudPlatform/appengine-maven-plugin,,,,,,,,,,0,0,0,0,,,,,,,,,,,,,,,,,,,,,,,,,5874,0,,,,,
livechat/chat-window-android,,,,,,,,,,0,0,0,0,,,,,,,,,,,,,,,,,,,,,,,,,0,0,,,,,
anilallewar/microservices-basics-spring-boot,,,,,,,,,,0,0,0,0,,,,,,,,,,,,,,,,,,,,,,,,,0,0,,,,,
mcib3d/mcib3d-core,,,,,,,,,,24,4764,2855,1,,,,,,,,,,,,,,,,,,,,,,,,,0,0,,,,,
knowrob/knowrob_addons,,,,,,,,,,0,0,0,0,,,,,,,,,,,,,,,,,,,,,,,,,0,0,,,,,
EMBL-EBI-SUBS/validation-service,,,,,,,,,,16,558,422,2,,,,,,,,,,,,,,,,,,,,,,,,,0,0,,,,,
secure-software-engineering/FlowDroid,,,,,,,,,,108,5716,3500,8,,,,,,,,,,,,,,,,,,,,,,,,,0,0,,,,,
B3Partners/commons-mail-b3p,,,,,,,,,,1,49,0,1,,,,,,,,,,,,,,,,,,,,,,,,,0,0,,,,,
Bio7/bio7,,,,,,,,,,102,20404,17139,1,,,,,,,,,,,,,,,,,,,,,,,,,0,0,,,,,
adityaarora1/LiveEdgeDetection,,,,,,,,,,0,0,0,0,,,,,,,,,,,,,,,,,,,,,,,,,0,0,,,,,
tinode/tindroid,,,,,,,,,,148,12347,7879,2,,,,,,,,,,,,,,,,,,,,,,,,,0,0,,,,,
mongojack/mongojack,,,,,,,,,,56,12249,14753,2,,,,,,,,,,,,,,,,,,,,,,,,,412,0,,,,,
gocd-contrib/email-notifier,,,,,,,,,,0,0,0,0,,,,,,,,,,,,,,,,,,,,,,,,,0,0,,,,,
PCGen/pcgen-base,,,,,,,,,,0,0,0,0,,,,,,,,,,,,,,,,,,,,,,,,,0,0,,,,,
hazelcast/hazelcast-hibernate,,,,,,,,,,62,19450,5674,6,,,,,,,,,,,,,,,,,,,,,,,,,199,0,,,,,
NHS-digital-website/hippo,,,,,,,,,,82,70359,29574,7,,,,,,,,,,,,,,,,,,,,,,,,,0,0,,,,,
Actelion/openchemlib,,,,,,,,,,59,7892,2562,4,,,,,,,,,,,,,,,,,,,,,,,,,0,0,,,,,
jgroups-extras/native-s3-ping,,,,,,,,,,0,0,0,0,,,,,,,,,,,,,,,,,,,,,,,,,6,0,,,,,
ow2-proactive/connector-r,,,,,,,,,,2,215,0,1,,,,,,,,,,,,,,,,,,,,,,,,,0,0,,,,,
VRK-YTI/yti-codelist-public-api-service,,,,,,,,,,0,0,0,0,,,,,,,,,,,,,,,,,,,,,,,,,0,0,,,,,
JiangJibo/project,,,,,,,,,,0,0,0,0,,,,,,,,,,,,,,,,,,,,,,,,,0,0,,,,,
Himmele/Mindroid.java,,,,,,,,,,0,0,0,0,,,,,,,,,,,,,,,,,,,,,,,,,0,0,,,,,
okkam-it/flink-examples,,,,,,,,,,0,0,0,0,,,,,,,,,,,,,,,,,,,,,,,,,0,0,,,,,
adorsys/keycloak-config-cli,,,,,,,,,,223,100245,53413,3,,,,,,,,,,,,,,,,,,,,,,,,,0,0,,,,,
awslabs/aws-greengrass-provisioner,,,,,,,,,,140,5583,4824,2,,,,,,,,,,,,,,,,,,,,,,,,,0,0,,,,,
knime/knime-textprocessing,,,,,,,,,,17,572,427,6,,,,,,,,,,,,,,,,,,,,,,,,,0,0,,,,,
liaozihong/SpringBoot-Learning,,,,,,,,,,0,0,0,0,,,,,,,,,,,,,,,,,,,,,,,,,0,0,,,,,
AddstarMC/Minigames,,,,,,,,,,39,2358,1429,3,,,,,,,,,,,,,,,,,,,,,,,,,0,0,,,,,
OlivierLD/raspberry-coffee,,,,,,,,,,1,9,8,1,,,,,,,,,,,,,,,,,,,,,,,,,0,0,,,,,
